{
  "controller/App-dbg.controller.js": 1653630373731,
  "model/models.js": 1653630373727,
  "utils/locate-reuse-libs.js": 1653630373723,
  "manifest.json": 1653649875560,
  "controller/Home.controller.js": 1653630373735,
  "controller/App.controller.js": 1653630373731,
  "Component.js": 1653630373715,
  "manifest-bundle.zip": 1653649875579,
  "Component-preload.js": 1653649875887,
  "i18n/i18n.properties": 1653630373719,
  "model/models-dbg.js": 1653630373727,
  "controller/Home-dbg.controller.js": 1653630373735,
  "utils/locate-reuse-libs-dbg.js": 1653630373723,
  "Component-dbg.js": 1653630373715,
  "view/Home.view.xml": 1653649767975,
  "view/App.view.xml": 1653630373731,
  "css/style.css": 1653630373731,
  "index.html": 1653630373715
}